"","channel","channel_id","text","emote_id","subscription"
"1","Twitch",0,"ALLINTOVOTE",303785275,0
"2","Twitch",0,"ShowOfHands",303564554,0
"3","Twitch",0,"CTC",302955885,0
"4","Twitch",0,"FootGoal",302628617,0
"5","Twitch",0,"FootYellow",302628613,0
"6","Twitch",0,"FootBall",302628600,0
"7","Twitch",0,"BlackLivesMatter",302537250,0
"8","Twitch",0,"ExtraLife",302426269,0
"9","Twitch",0,"VirtualHug",301696583,0
"10","Twitch",0,"BOP",301428702,0
"11","Twitch",0,"PorscheWIN",300745158,0
"12","Twitch",0,"SingsNote",300116350,0
"13","Twitch",0,"SingsMic",300116349,0
"14","Twitch",0,"TwitchSings",300116344,0
"15","Twitch",0,"SoonerLater",2113050,0
"16","Twitch",0,"HolidayTree",1713825,0
"17","Twitch",0,"HolidaySanta",1713822,0
"18","Twitch",0,"HolidayPresent",1713819,0
"19","Twitch",0,"HolidayOrnament",1713818,0
"20","Twitch",0,"HolidayLog",1713816,0
"21","Twitch",0,"HolidayCookie",1713813,0
"22","Twitch",0,"GunRun",1584743,0
"23","Twitch",0,"PixelBob",1547903,0
"24","Twitch",0,"FBPenalty",1441289,0
"25","Twitch",0,"FBChallenge",1441285,0
"26","Twitch",0,"FBCatch",1441281,0
"27","Twitch",0,"FBBlock",1441276,0
"28","Twitch",0,"FBSpiral",1441273,0
"29","Twitch",0,"FBPass",1441271,0
"30","Twitch",0,"FBRun",1441261,0
"31","Twitch",0,"GenderFluidPride",1297281,0
"32","Twitch",0,"NonBinaryPride",1297279,0
"33","Twitch",0,"MaxLOL",1290325,0
"34","Twitch",0,"IntersexPride",1221184,0
"35","Twitch",0,"TwitchRPG",1220086,0
"36","Twitch",0,"PansexualPride",1130349,0
"37","Twitch",0,"AsexualPride",1130348,0
"38","Twitch",0,"TransgenderPride",1064995,0
"39","Twitch",0,"GayPride",1064991,0
"40","Twitch",0,"LesbianPride",1064988,0
"41","Twitch",0,"BisexualPride",1064987,0
"42","Twitch",0,"PinkMercy",1003190,0
"43","Twitch",0,"MercyWing2",1003189,0
"44","Twitch",0,"MercyWing1",1003187,0
"45","Twitch",0,"PartyHat",965738,0
"46","Twitch",0,"EarthDay",959018,0
"47","Twitch",0,"TombRaid",864205,0
"48","Twitch",0,"PopCorn",724216,0
"49","Twitch",0,"FBtouchdown",626795,0
"50","Twitch",0,"PurpleStar",624501,0
"51","Twitch",0,"GreenTeam",530890,0
"52","Twitch",0,"RedTeam",530888,0
"53","Twitch",0,"TPFufun",508650,0
"54","Twitch",0,"TwitchVotes",479745,0
"55","Twitch",0,"DarkMode",461298,0
"56","Twitch",0,"HSWP",446979,0
"57","Twitch",0,"HSCheers",444572,0
"58","Twitch",0,"PowerUpL",425688,0
"59","Twitch",0,"PowerUpR",425671,0
"60","Twitch",0,"LUL",425618,0
"61","Twitch",0,"EntropyWins",376765,0
"62","Twitch",0,"TPcrunchyroll",323914,0
"63","Twitch",0,"TwitchUnity",196892,0
"64","Twitch",0,"Squid4",191767,0
"65","Twitch",0,"Squid3",191764,0
"66","Twitch",0,"Squid2",191763,0
"67","Twitch",0,"Squid1",191762,0
"68","Twitch",0,"CrreamAwk",191313,0
"69","Twitch",0,"CarlSmile",166266,0
"70","Twitch",0,"TwitchLit",166263,0
"71","Twitch",0,"TehePelo",160404,0
"72","Twitch",0,"TearGlove",160403,0
"73","Twitch",0,"SabaPing",160402,0
"74","Twitch",0,"PunOko",160401,0
"75","Twitch",0,"KonCha",160400,0
"76","Twitch",0,"Kappu",160397,0
"77","Twitch",0,"InuyoFace",160396,0
"78","Twitch",0,"BigPhish",160395,0
"79","Twitch",0,"BegWan",160394,0
"80","Twitch",0,"ThankEgg",160392,0
"81","Twitch",0,"MorphinTime",156787,0
"82","Twitch",0,"TheIlluminati",145315,0
"83","Twitch",0,"TBAngel",143490,0
"84","Twitch",0,"MVGame",142140,0
"85","Twitch",0,"NinjaGrumpy",138325,0
"86","Twitch",0,"PartyTime",135393,0
"87","Twitch",0,"RlyTho",134256,0
"88","Twitch",0,"UWot",134255,0
"89","Twitch",0,"YouDontSay",134254,0
"90","Twitch",0,"KAPOW",133537,0
"91","Twitch",0,"ItsBoshyTime",133468,0
"92","Twitch",0,"CoolStoryBob",123171,0
"93","Twitch",0,"TriHard",120232,0
"94","Twitch",0,"SuperVinlin",118772,0
"95","Twitch",0,"FreakinStinkin",117701,0
"96","Twitch",0,"Poooound",117484,0
"97","Twitch",0,"CurseLit",116625,0
"98","Twitch",0,"BatChest",115234,0
"99","Twitch",0,"BrainSlug",115233,0
"100","Twitch",0,"PrimeMe",115075,0
"101","Twitch",0,"StrawBeary",114876,0
"102","Twitch",0,"RaccAttack",114870,0
"103","Twitch",0,"UncleNox",114856,0
"104","Twitch",0,"WTRuck",114847,0
"105","Twitch",0,"TooSpicy",114846,0
"106","Twitch",0,"Jebaited",114836,0
"107","Twitch",0,"DogFace",114835,0
"108","Twitch",0,"BlargNaut",114738,0
"109","Twitch",0,"TakeNRG",112292,0
"110","Twitch",0,"GivePLZ",112291,0
"111","Twitch",0,"imGlitch",112290,0
"112","Twitch",0,"pastaThat",112289,0
"113","Twitch",0,"copyThis",112288,0
"114","Twitch",0,"UnSane",111792,0
"115","Twitch",0,"DatSheffy",111700,0
"116","Twitch",0,"TheTarFu",111351,0
"117","Twitch",0,"PicoMause",111300,0
"118","Twitch",0,"TinyFace",111119,0
"119","Twitch",0,"DrinkPurple",110785,0
"120","Twitch",0,"DxCat",110734,0
"121","Twitch",0,"RuleFive",107030,0
"122","Twitch",0,"VoteNay",106294,0
"123","Twitch",0,"VoteYea",106293,0
"124","Twitch",0,"PJSugar",102556,0
"125","Twitch",0,"DoritosChip",102242,0
"126","Twitch",0,"OpieOP",100590,0
"127","Twitch",0,"FutureMan",98562,0
"128","Twitch",0,"ChefFrank",90129,0
"129","Twitch",0,"StinkyCheese",90076,0
"130","Twitch",0,"NomNom",90075,0
"131","Twitch",0,"SmoocherZ",89945,0
"132","Twitch",0,"cmonBruh",84608,0
"133","Twitch",0,"KappaWealth",81997,0
"134","Twitch",0,"MikeHogu",81636,0
"135","Twitch",0,"VoHiYo",81274,0
"136","Twitch",0,"KomodoHype",81273,0
"137","Twitch",0,"SeriousSloth",81249,0
"138","Twitch",0,"OSFrog",81248,0
"139","Twitch",0,"OhMyDog",81103,0
"140","Twitch",0,"KappaClaus",74510,0
"141","Twitch",0,"KappaRoss",70433,0
"142","Twitch",0,"MingLee",68856,0
"143","Twitch",0,"SeemsGood",64138,0
"144","Twitch",0,"twitchRaid",62836,0
"145","Twitch",0,"bleedPurple",62835,0
"146","Twitch",0,"duDudu",62834,0
"147","Twitch",0,"riPepperonis",62833,0
"148","Twitch",0,"NotLikeThis",58765,0
"149","Twitch",0,"DendiFace",58135,0
"150","Twitch",0,"CoolCat",58127,0
"151","Twitch",0,"KappaPride",55338,0
"152","Twitch",0,"ShadyLulu",52492,0
"153","Twitch",0,"ArgieB8",51838,0
"154","Twitch",0,"CorgiDerp",49106,0
"155","Twitch",0,"PraiseIt",38586,0
"156","Twitch",0,"TTours",38436,0
"157","Twitch",0,"mcaT",35063,0
"158","Twitch",0,"NotATK",34875,0
"159","Twitch",0,"HeyGuys",30259,0
"160","Twitch",0,"Mau5",30134,0
"161","Twitch",0,"PRChase",28328,0
"162","Twitch",0,"WutFace",28087,0
"163","Twitch",0,"BuddhaBar",27602,0
"164","Twitch",0,"PermaSmug",27509,0
"165","Twitch",0,"panicBasket",22998,0
"166","Twitch",0,"BabyRage",22639,0
"167","Twitch",0,"HassaanChop",20225,0
"168","Twitch",0,"TheThing",7427,0
"169","Twitch",0,"EleGiggle",4339,0
"170","Twitch",0,"RitzMitz",4338,0
"171","Twitch",0,"YouWHY",4337,0
"172","Twitch",0,"PipeHype",4240,0
"173","Twitch",0,"BrokeBack",4057,0
"174","Twitch",0,"ANELE",3792,0
"175","Twitch",0,"PanicVis",3668,0
"176","Twitch",0,"GrammarKing",3632,0
"177","Twitch",0,"PeoplesChamp",3412,0
"178","Twitch",0,"SoBayed",1906,0
"179","Twitch",0,"BigBrother",1904,0
"180","Twitch",0,"Keepo",1902,0
"181","Twitch",0,"Kippa",1901,0
"182","Twitch",0,"RalpherZ",1900,0
"183","Twitch",0,"TF2John",1899,0
"184","Twitch",0,"ThunBeast",1898,0
"185","Twitch",0,"WholeWheat",1896,0
"186","Twitch",0,"DAESuppy",973,0
"187","Twitch",0,"FailFish",360,0
"188","Twitch",0,"HotPokket",357,0
"189","Twitch",0,"4Head",354,0
"190","Twitch",0,"ResidentSleeper",245,0
"191","Twitch",0,"FUNgineer",244,0
"192","Twitch",0,"PMSTwin",92,0
"193","Twitch",0,"PogChamp",88,0
"194","Twitch",0,"ShazBotstix",87,0
"195","Twitch",0,"BibleThump",86,0
"196","Twitch",0,"AsianGlow",74,0
"197","Twitch",0,"DBstyle",73,0
"198","Twitch",0,"BloodTrail",69,0
"199","Twitch",0,"OneHand",66,0
"200","Twitch",0,"FrankerZ",65,0
"201","Twitch",0,"SMOrc",52,0
"202","Twitch",0,"ArsonNoSexy",50,0
"203","Twitch",0,"PunchTrees",47,0
"204","Twitch",0,"SSSsss",46,0
"205","Twitch",0,"Kreygasm",41,0
"206","Twitch",0,"KevinTurtle",40,0
"207","Twitch",0,"PJSalt",36,0
"208","Twitch",0,"SwiftRage",34,0
"209","Twitch",0,"DansGame",33,0
"210","Twitch",0,"GingerPower",32,0
"211","Twitch",0,"BCWarrior",30,0
"212","Twitch",0,"MrDestructoid",28,0
"213","Twitch",0,"JonCarnage",26,0
"214","Twitch",0,"Kappa",25,0
"215","Twitch",0,"RedCoat",22,0
"216","Twitch",0,"TheRinger",18,0
"217","Twitch",0,"StoneLightning",17,0
"218","Twitch",0,"OptimizePrime",16,0
"219","Twitch",0,"JKanStyle",15,0
"220","skipnho",63602976,"skipnhoOBG",101727,15955
"221","skipnho",63602976,"skipnhoBAD",101730,15955
"222","skipnho",63602976,"skipnhoLOVE",101932,15955
"223","skipnho",63602976,"skipnhoSkipMarginal",121982,15955
"224","skipnho",63602976,"skipnhoKappa",122113,15955
"225","skipnho",63602976,"skipnho18",140665,15955
"226","skipnho",63602976,"skipnhoTriste",140771,15955
"227","skipnho",63602976,"skipnhoGeneral",140833,15955
"228","skipnho",63602976,"skipnhoKlau",179434,15955
"229","skipnho",63602976,"skipnhoTuga",184148,15955
"230","skipnho",63602976,"skipnhoPRIDE",804843,15955
"231","skipnho",63602976,"skipnhoBan",1200370,15955
"232","skipnho",63602976,"skipnhoGodd",1200376,15955
"233","skipnho",63602976,"skipnhoVazoip",1200379,15955
"234","skipnho",63602976,"skipnhoThug",1212423,15955
"235","skipnho",63602976,"skipnhoDodoi",1227657,15955
"236","skipnho",63602976,"skipnhoMilenaskip",1710798,15955
"237","skipnho",63602976,"skipnhoFogo",1710805,15955
"238","skipnho",63602976,"skipnhoGoku",2025649,15955
"239","skipnho",63602976,"skipnhoZapzap",300746414,15955
"240","skipnho",63602976,"skipnhoSLR",300746431,15955
"241","skipnho",63602976,"skipnhoHumm",300749974,15955
"242","skipnho",63602976,"skipnhoBiagod",300749978,15955
"243","skipnho",63602976,"skipnhoVapo",301172194,15955
"244","skipnho",63602976,"skipnhoToma",301640772,15955
"245","skipnho",63602976,"skipnhoTrinka",301697266,15955
"246","skipnho",63602976,"skipnhoTruck",301701324,15955
"247","skipnho",63602976,"skipnhoVant",301889455,15955
"248","skipnho",63602976,"skipnhoGulag",301893899,15955
"249","skipnho",63602976,"skipnhoLoko",301893906,15955
"250","skipnho",63602976,"skipnhoWinner",301910475,15955
"251","skipnho",63602976,"skipnhoBola",301932812,15955
"252","skipnho",63602976,"skipnhoCKill",301932866,15955
"253","skipnho",63602976,"skipnhoPing",301948575,15955
"254","skipnho",63602976,"skipnhoRdol",301948581,15955
"255","skipnho",63602976,"skipnhoCabritoz",301948585,15955
"256","skipnho",63602976,"skipnhoNoseutempo",301965844,15955
"257","skipnho",63602976,"skipnhoAle",301986437,15955
"258","skipnho",63602976,"skipnhoStereo",301986446,15955
"259","skipnho",63602976,"skipnhoDrop",301994820,15955
"260","skipnho",63602976,"skipnhoCompra",301994934,15955
"261","skipnho",63602976,"skipnhoParanga",302007624,15955
"262","skipnho",63602976,"skipnhoClipa",302007631,15955
"263","skipnho",63602976,"skipnhoTaz",302290905,15955
"264","skipnho",63602976,"skipnhoJogouBem",302309190,15955
"265","skipnho",63602976,"skipnhoNadaMudou",302309195,15955
"266","skipnho",63602976,"skipnhoBlackbird",302309348,15955
"267","skipnho",63602976,"skipnhoClutch",302390564,15955
"268","skipnho",63602976,"skipnhoMacro",302846758,15955
"269","skipnho",63602976,"skipnhoRigena",302846762,15955
"270","skipnho",63602976,"skipnhoBigD",303448531,15955
"271","skipnho",63602976,"skipnhoAlliance",303448535,15955
"272","skipnho",63602976,"skipnhoFini",303560090,15955
"273","skipnho",63602976,"skipnhoMm",303560094,15955
"274","skipnho",63602976,"skipnhoGreeen",303634390,15955
"275","skipnho",63602976,"skipnhoTakeover",303634565,15955
"276","skipnho",63602976,"skipnhoDead",303825371,15955
"277","skipnho",63602976,"skipnhoEmergency",303825380,15955
"278","skipnho",63602976,"skipnhoGhost",303825419,15955
"279","skipnho",63602976,"skipnhoIvoted",303825460,15955
"280","skipnho",63602976,"skipnhoSub",188683,24129
"281","skipnho",63602976,"skipnhoGold",177631,24130
"282","doublelift",40017619,"liftHUH",31784,4747
"283","doublelift",40017619,"liftSalt",56798,4747
"284","doublelift",40017619,"liftTrash",56799,4747
"285","doublelift",40017619,"lift2can",64812,4747
"286","doublelift",40017619,"liftRage",71576,4747
"287","doublelift",40017619,"liftH",71579,4747
"288","doublelift",40017619,"liftW",96339,4747
"289","doublelift",40017619,"liftLUL",121969,4747
"290","doublelift",40017619,"liftGasm",123287,4747
"291","doublelift",40017619,"liftHey",127420,4747
"292","doublelift",40017619,"liftWelcome",128257,4747
"293","doublelift",40017619,"liftVayne",128542,4747
"294","doublelift",40017619,"lift1",128543,4747
"295","doublelift",40017619,"lift2",128544,4747
"296","doublelift",40017619,"lift3",128545,4747
"297","doublelift",40017619,"lift4",128546,4747
"298","doublelift",40017619,"liftBoosted",140646,4747
"299","doublelift",40017619,"liftHi",140647,4747
"300","doublelift",40017619,"liftThinking",140648,4747
"301","doublelift",40017619,"liftWeeb",140764,4747
"302","doublelift",40017619,"liftBot",140765,4747
"303","doublelift",40017619,"liftP",204298,4747
"304","doublelift",40017619,"liftL",204299,4747
"305","doublelift",40017619,"liftGasm",204300,4747
"306","doublelift",40017619,"liftR",596854,4747
"307","doublelift",40017619,"liftF",695118,4747
"308","doublelift",40017619,"liftPoggers",695126,4747
"309","doublelift",40017619,"liftX",695132,4747
"310","doublelift",40017619,"liftWow",1307723,4747
"311","doublelift",40017619,"liftEZ",1307724,4747
"312","doublelift",40017619,"liftHYPERS",1307730,4747
"313","doublelift",40017619,"liftMonka",1307731,4747
"314","doublelift",40017619,"liftThonk",1307732,4747
"315","doublelift",40017619,"liftG",204301,32306
"316","sovietwomble",67802451,"wombleEmote",68280,14907
"317","sovietwomble",67802451,"womblePew",72420,14907
"318","sovietwomble",67802451,"wombleBored",74181,14907
"319","sovietwomble",67802451,"wombleFine",74182,14907
"320","sovietwomble",67802451,"wombleShocked",74261,14907
"321","sovietwomble",67802451,"wombleTouchy",78162,14907
"322","sovietwomble",67802451,"wombleShoots",79125,14907
"323","sovietwomble",67802451,"wombleDrunk",79127,14907
"324","sovietwomble",67802451,"wombleSurrender",79133,14907
"325","sovietwomble",67802451,"wombleNepgasm",83522,14907
"326","sovietwomble",67802451,"wombleSpace",90072,14907
"327","sovietwomble",67802451,"wombleSad",90073,14907
"328","sovietwomble",67802451,"wombleSpacing",108099,14907
"329","sovietwomble",67802451,"wombleLulu",108100,14907
"330","sovietwomble",67802451,"wombleGlobul",165886,14907
"331","sovietwomble",67802451,"wombleHello",302105996,14907
"332","sovietwomble",67802451,"wombleLol",302106006,14907
"333","sovietwomble",67802451,"wombleFishing",302106011,14907
"334","sovietwomble",67802451,"wombleShoe",302106020,14907
"335","sovietwomble",67802451,"wombleLuluBait",302106027,14907
"336","sovietwomble",67802451,"wombleNemo",302106031,14907
"337","sovietwomble",67802451,"wombleDory",302106034,14907
"338","sovietwomble",67802451,"wombleHappy",302106060,14907
"339","sovietwomble",67802451,"wombleRant",302106066,14907
"340","sovietwomble",67802451,"wombleRee",302106070,14907
"341","sovietwomble",67802451,"wombleShock",302106075,14907
"342","sovietwomble",67802451,"wombleShrug",302106084,14907
"343","sovietwomble",67802451,"wombleStrong",302106093,14907
"344","sovietwomble",67802451,"wombleGun",302106097,14907
"345","sovietwomble",67802451,"wombleHype",302106102,14907
"346","sovietwomble",67802451,"wombleCoffee",302106118,14907
"347","sovietwomble",67802451,"wombleLove",302106128,14907
"348","sovietwomble",67802451,"wombleNade",302106134,14907
"349","sovietwomble",67802451,"wombleHug",302106153,14907
"350","sovietwomble",67802451,"wombleSynth",302106222,14907
"351","sypherpk",32140000,"sypherW",169655,12856
"352","sypherpk",32140000,"sypherAW",829096,12856
"353","sypherpk",32140000,"sypherEZ",829102,12856
"354","sypherpk",32140000,"sypherBLIND",829106,12856
"355","sypherpk",32140000,"sypherAIM",829108,12856
"356","sypherpk",32140000,"sypherCOOL",829111,12856
"357","sypherpk",32140000,"sypherHAIR",829112,12856
"358","sypherpk",32140000,"sypherBOB",829119,12856
"359","sypherpk",32140000,"sypherS",829334,12856
"360","sypherpk",32140000,"sypherBEG",854131,12856
"361","sypherpk",32140000,"sypherCHOKE",854134,12856
"362","sypherpk",32140000,"sypherLAW",854141,12856
"363","sypherpk",32140000,"sypherBB",854150,12856
"364","sypherpk",32140000,"sypherFEELS",1370400,12856
"365","sypherpk",32140000,"sypherPRIME",1370402,12856
"366","sypherpk",32140000,"sypherRAGE",1370404,12856
"367","sypherpk",32140000,"sypherWAVE",1370405,12856
"368","sypherpk",32140000,"sypherQT",1393107,12856
"369","sypherpk",32140000,"sypherSNIPE",1551559,12856
"370","sypherpk",32140000,"sypherD",1551753,12856
"371","sypherpk",32140000,"sypherLUL",1551757,12856
"372","sypherpk",32140000,"sypherBITS",1551758,12856
"373","sypherpk",32140000,"sypherNOTES",1551760,12856
"374","sypherpk",32140000,"sypherSUB",1733728,12856
"375","sypherpk",32140000,"sypherTHINK",1925034,12856
"376","sypherpk",32140000,"sypherTOXIC",1925036,12856
"377","sypherpk",32140000,"sypherPOGGIES",1925037,12856
"378","sypherpk",32140000,"sypherGIFT",1933992,12856
"379","sypherpk",32140000,"sypherY",2086639,12856
"380","sypherpk",32140000,"sypherLATE",300120824,12856
"381","sypherpk",32140000,"sypherDINO",300120827,12856
"382","sypherpk",32140000,"sypherOOF",300121076,12856
"383","sypherpk",32140000,"sypherHYPE",300121079,12856
"384","sypherpk",32140000,"sypherIQ",300121081,12856
"385","sypherpk",32140000,"sypherBABE",300121085,12856
"386","sypherpk",32140000,"sypherYT",300121086,12856
"387","sypherpk",32140000,"sypherDAB",300121103,12856
"388","sypherpk",32140000,"sypherCAW2",300164830,12856
"389","sypherpk",32140000,"sypherC",300168326,12856
"390","sypherpk",32140000,"sypherKNIFE",300925765,12856
"391","sypherpk",32140000,"sypherLOVE",301037199,12856
"392","sypherpk",32140000,"sypherHOWDY",301037368,12856
"393","sypherpk",32140000,"sypherAEGON",301267314,12856
"394","sypherpk",32140000,"sypherAIKO",301267317,12856
"395","sypherpk",32140000,"sypherYUNA",301267318,12856
"396","sypherpk",32140000,"sypherHI",301267369,12856
"397","sypherpk",32140000,"sypherDAB2",301267373,12856
"398","sypherpk",32140000,"sypherREE",301267376,12856
"399","sypherpk",32140000,"sypherSIP",301267397,12856
"400","sypherpk",32140000,"sypherYUNA2",301589527,12856
"401","sypherpk",32140000,"sypherYEP",301847981,12856
"402","sypherpk",32140000,"sypherCLOWN",302302065,12856
"403","sypherpk",32140000,"sypherMASK",302678658,12856
"404","sypherpk",32140000,"sypherLASER",302682002,12856
"405","sypherpk",32140000,"sypherMUMMY",303882688,12856
"406","sypherpk",32140000,"sypherPUMPKIN",303882696,12856
"407","sypherpk",32140000,"sypherWITCH",303882728,12856
"408","sypherpk",32140000,"sypherLOVE2",303882754,12856
"409","sypherpk",32140000,"sypherSKULL",303884249,12856
"410","sypherpk",32140000,"sypherSIP2",303884496,12856
"411","sypherpk",32140000,"sypherGOLD",300925786,26020
"412","sypherpk",32140000,"sypherSELLOUT",1925033,26021
"413","alanzoka",38244180,"alanzAYAYA",301282605,2927
"414","alanzoka",38244180,"alanzAmor",301282607,2927
"415","alanzoka",38244180,"alanzAP",301282609,2927
"416","alanzoka",38244180,"alanzBAN",301282611,2927
"417","alanzoka",38244180,"alanzCafe",301282619,2927
"418","alanzoka",38244180,"alanzCego",301282620,2927
"419","alanzoka",38244180,"alanzComida",301282624,2927
"420","alanzoka",38244180,"alanzCon",301282631,2927
"421","alanzoka",38244180,"alanzCrise",301282633,2927
"422","alanzoka",38244180,"alanzD",301282634,2927
"423","alanzoka",38244180,"alanzDe",301282636,2927
"424","alanzoka",38244180,"alanzDerp",301282638,2927
"425","alanzoka",38244180,"alanzDez",301282639,2927
"426","alanzoka",38244180,"alanzEx",301282640,2927
"427","alanzoka",38244180,"alanzFP",301282644,2927
"428","alanzoka",38244180,"alanzFarpas",301282646,2927
"429","alanzoka",38244180,"alanzFofo",301282647,2927
"430","alanzoka",38244180,"alanz18",301282660,2927
"431","alanzoka",38244180,"alanzBobo",301282663,2927
"432","alanzoka",38244180,"alanzC",301282665,2927
"433","alanzoka",38244180,"alanzGala",301282667,2927
"434","alanzoka",38244180,"alanzGift",301282669,2927
"435","alanzoka",38244180,"alanzGordo",301282671,2927
"436","alanzoka",38244180,"alanzGorfo",301282673,2927
"437","alanzoka",38244180,"alanzGringo",301282676,2927
"438","alanzoka",38244180,"alanzHey",301282678,2927
"439","alanzoka",38244180,"alanzHype",301282680,2927
"440","alanzoka",38244180,"alanzL",301282684,2927
"441","alanzoka",38244180,"alanzLUL",301282685,2927
"442","alanzoka",38244180,"alanzLag",301282687,2927
"443","alanzoka",38244180,"alanzMaethe",301282704,2927
"444","alanzoka",38244180,"alanzLoot",301282708,2927
"445","alanzoka",38244180,"alanzIgnore",301282712,2927
"446","alanzoka",38244180,"alanzNinja",301282714,2927
"447","alanzoka",38244180,"alanzNote",301282720,2927
"448","alanzoka",38244180,"alanzOO",301282723,2927
"449","alanzoka",38244180,"alanzP",301282727,2927
"450","alanzoka",38244180,"alanzPOP",301282728,2927
"451","alanzoka",38244180,"alanzPuzzle",301282735,2927
"452","alanzoka",38244180,"alanzQ",301282739,2927
"453","alanzoka",38244180,"alanzR",301282741,2927
"454","alanzoka",38244180,"alanzReza",301282747,2927
"455","alanzoka",38244180,"alanzSad",301282749,2927
"456","alanzoka",38244180,"alanzSTOP",301282754,2927
"457","alanzoka",38244180,"alanzSensual",301282755,2927
"458","alanzoka",38244180,"alanzShrug",301282758,2927
"459","alanzoka",38244180,"alanzSmart",301282759,2927
"460","alanzoka",38244180,"alanzTa",301282763,2927
"461","alanzoka",38244180,"alanzTenso",301282765,2927
"462","alanzoka",38244180,"alanzY",301282768,2927
"463","alanzoka",38244180,"alanzSup",301282773,2927
"464","alanzoka",38244180,"alanzRUN",301282776,2927
"465","alanzoka",38244180,"alanzRAID",301282779,2927
"466","alanzoka",38244180,"alanzS",301282813,2927
"467","alanzoka",38244180,"alanzThink",301282818,2927
"468","alanzoka",38244180,"alanzM",302668180,2927
"469","alanzoka",38244180,"alanzCadeira",302668190,2927
"470","alanzoka",38244180,"alanzLurk",302668200,2927
"471","alanzoka",38244180,"alanzMask",302668244,2927
"472","alanzoka",38244180,"alanzSusto",302760502,2927
"473","alanzoka",38244180,"alanzConf",301282626,40476
"474","alanzoka",38244180,"alanzHug",301282629,40477
"475","auronplay",459331509,"auronGato",300809835,300495615
"476","auronplay",459331509,"auronFrederick",300809844,300495615
"477","auronplay",459331509,"auronRodolfo",300809868,300495615
"478","auronplay",459331509,"auronCALVO",300885151,300495615
"479","auronplay",459331509,"auronCERDO",300885154,300495615
"480","auronplay",459331509,"auronPABLO",300885156,300495615
"481","auronplay",459331509,"auronRodoamor",301366912,300495615
"482","auronplay",459331509,"auronTriste",301367068,300495615
"483","auronplay",459331509,"auronSad",301371848,300495615
"484","auronplay",459331509,"auronWtf",301371850,300495615
"485","auronplay",459331509,"auronHappy",301371852,300495615
"486","auronplay",459331509,"auronNO",301427704,300495615
"487","auronplay",459331509,"auronREZO",301427706,300495615
"488","auronplay",459331509,"auronSI",301427707,300495615
"489","auronplay",459331509,"auronSIRENA",301427708,300495615
"490","auronplay",459331509,"auronFREDE",301427709,300495615
"491","auronplay",459331509,"auronGUS",301427713,300495615
"492","auronplay",459331509,"auronLUIS",301427715,300495615
"493","auronplay",459331509,"auronTERRA",301427717,300495615
"494","auronplay",459331509,"auronZUMO",301427720,300495615
"495","auronplay",459331509,"auronCattt",301804347,300495615
"496","auronplay",459331509,"auronAngry",301804356,300495615
"497","auronplay",459331509,"auronXd",301804366,300495615
"498","auronplay",459331509,"auronDead",301813868,300495615
"499","auronplay",459331509,"auronAtaud",301813870,300495615
"500","auronplay",459331509,"auronEnfado",301813874,300495615
"501","auronplay",459331509,"auronCryyy",301813877,300495615
"502","auronplay",459331509,"auronJapi",301813880,300495615
"503","auronplay",459331509,"auronMiedo",301813883,300495615
"504","auronplay",459331509,"auronRisa",301813885,300495615
"505","auronplay",459331509,"auronEnfadao",301835871,300495615
"506","auronplay",459331509,"auronFbi",301835875,300495615
"507","auronplay",459331509,"auronMmmmm",301835877,300495615
"508","auronplay",459331509,"auronSnifff",301835879,300495615
"509","auronplay",459331509,"auronIq0",301835886,300495615
"510","auronplay",459331509,"auron1600iq",301835887,300495615
"511","auronplay",459331509,"auronGg",301835888,300495615
"512","auronplay",459331509,"auronFbbbbbi",301835889,300495615
"513","auronplay",459331509,"auronAgua",301835891,300495615
"514","auronplay",459331509,"auronEstres",301835895,300495615
"515","auronplay",459331509,"auronWc",301835901,300495615
"516","auronplay",459331509,"auronByebye",301835903,300495615
"517","auronplay",459331509,"auronCalbo",301845053,300495615
"518","auronplay",459331509,"auronAtauddd",301845064,300495615
"519","auronplay",459331509,"auronAaahhhh",301845071,300495615
"520","auronplay",459331509,"auronAuronkryyy",301969367,300495615
"521","auronplay",459331509,"auronAuronooooo",301969370,300495615
"522","auronplay",459331509,"auronHURT",302084170,300495615
"523","auronplay",459331509,"auronAll",302084175,300495615
"524","auronplay",459331509,"auronColours",302084180,300495615
"525","auronplay",459331509,"auronSuaveee",302347168,300495615
"526","auronplay",459331509,"auronEeehhhh",302347175,300495615
"527","auronplay",459331509,"auronTem",302347183,300495615
"528","auronplay",459331509,"auronAzo",302347186,300495615
"529","auronplay",459331509,"auronPamihamb",302347189,300495615
"530","auronplay",459331509,"auronEnsalada",302347192,300495615
"531","auronplay",459331509,"auronAaaaahhh",302347198,300495615
"532","auronplay",459331509,"auronAparta",302347222,300495615
"533","auronplay",459331509,"auronDancing",302347224,300495615
"534","auronplay",459331509,"auronEfe",302347239,300495615
"535","auronplay",459331509,"auronRODOLFOHD",300885485,300495616
"536","timthetatman",36769016,"tatChair",8408,1159
"537","timthetatman",36769016,"tatPreach",16247,1159
"538","timthetatman",36769016,"tatW",54495,1159
"539","timthetatman",36769016,"tatPretty",60643,1159
"540","timthetatman",36769016,"tatMesa",86639,1159
"541","timthetatman",36769016,"tatSuh",87756,1159
"542","timthetatman",36769016,"tatOshi",89232,1159
"543","timthetatman",36769016,"tatPik",92258,1159
"544","timthetatman",36769016,"tatY",97067,1159
"545","timthetatman",36769016,"tatH",106925,1159
"546","timthetatman",36769016,"tatGlam",145662,1159
"547","timthetatman",36769016,"tatKevinH",185311,1159
"548","timthetatman",36769016,"tatKevinM",185313,1159
"549","timthetatman",36769016,"tatNOLINKS",185315,1159
"550","timthetatman",36769016,"tatTopD",185316,1159
"551","timthetatman",36769016,"tatPotato",187153,1159
"552","timthetatman",36769016,"tatToxic",187155,1159
"553","timthetatman",36769016,"tatKevinS",187159,1159
"554","timthetatman",36769016,"tatTank",708603,1159
"555","timthetatman",36769016,"tatWink",720524,1159
"556","timthetatman",36769016,"tatLATE",972382,1159
"557","timthetatman",36769016,"tatHYPERS",1058125,1159
"558","timthetatman",36769016,"tatWC",1294993,1159
"559","timthetatman",36769016,"tatTHIRST",1308379,1159
"560","timthetatman",36769016,"tatTomato",1317421,1159
"561","timthetatman",36769016,"tatRoad",1330097,1159
"562","timthetatman",36769016,"tatDMG",1343473,1159
"563","timthetatman",36769016,"tatLit",1599586,1159
"564","timthetatman",36769016,"tatGift",1603328,1159
"565","timthetatman",36769016,"tatPirate",1859035,1159
"566","timthetatman",36769016,"tatMad",1859043,1159
"567","timthetatman",36769016,"tatBlind",1921103,1159
"568","timthetatman",36769016,"tatHmm",1921106,1159
"569","timthetatman",36769016,"tatBot",1921775,1159
"570","timthetatman",36769016,"tatYEET",2092155,1159
"571","timthetatman",36769016,"tatBruh",300196474,1159
"572","timthetatman",36769016,"tatMald",301065424,1159
"573","timthetatman",36769016,"tatEgg1",302461364,1159
"574","timthetatman",36769016,"tatEgg2",302461369,1159
"575","timthetatman",36769016,"tatEgg3",302461378,1159
"576","timthetatman",36769016,"tatEgg4",302461387,1159
"577","timthetatman",36769016,"tatS",303041135,1159
"578","timthetatman",36769016,"tatLove",303108924,1159
"579","timthetatman",36769016,"tatSellout",303108940,1159
"580","timthetatman",36769016,"tatAFK",303108944,1159
"581","timthetatman",36769016,"tatFat",303108946,1159
"582","timthetatman",36769016,"tatPrime",303108958,1159
"583","timthetatman",36769016,"tatRip",303109891,1159
"584","timthetatman",36769016,"tatPumpkin",303909595,1159
"585","timthetatman",36769016,"tatTUFF",303909616,1159
"586","timthetatman",36769016,"tatKKevin",303909623,1159
"587","timthetatman",36769016,"tatBlanket",303909626,1159
"588","timthetatman",36769016,"tatBEST",212548,26298
"589","timthetatman",36769016,"tatBling",1465723,26299
"590","shroud",37402112,"shroudWhiff",69044,2112
"591","shroud",37402112,"shroudInsane",71654,2112
"592","shroud",37402112,"shroudEZ",194017,2112
"593","shroud",37402112,"shroud4Head",205480,2112
"594","shroud",37402112,"shroudHands",1723867,2112
"595","shroud",37402112,"shroud1",1723951,2112
"596","shroud",37402112,"shroud2",1723954,2112
"597","shroud",37402112,"shroud3",1723957,2112
"598","shroud",37402112,"shroud4",1723958,2112
"599","shroud",37402112,"shroudAFK",300059930,2112
"600","shroud",37402112,"shroudLoud",300714447,2112
"601","shroud",37402112,"shroudPray",300714450,2112
"602","shroud",37402112,"shroudCop",300714459,2112
"603","shroud",37402112,"shroudLove",300714463,2112
"604","shroud",37402112,"shroudSip",300714466,2112
"605","shroud",37402112,"shroudHi",300716216,2112
"606","shroud",37402112,"shroudBot",300938086,2112
"607","shroud",37402112,"shroudFC",300938097,2112
"608","shroud",37402112,"shroudGift",300938099,2112
"609","shroud",37402112,"shroudRIP",300938100,2112
"610","shroud",37402112,"shroudUp",300938102,2112
"611","shroud",37402112,"shroudFP",300938104,2112
"612","shroud",37402112,"shroudLUL",300938107,2112
"613","shroud",37402112,"shroudJam",300938112,2112
"614","shroud",37402112,"shroudNap",300938116,2112
"615","shroud",37402112,"shroudRNG",300938117,2112
"616","shroud",37402112,"shroudSell",300938121,2112
"617","shroud",37402112,"shroudC",300938142,2112
"618","shroud",37402112,"shroudHug",300938153,2112
"619","shroud",37402112,"shroudBlind",300938158,2112
"620","shroud",37402112,"shroudRage",303251933,2112
"621","shroud",37402112,"shroudGrump",303252000,2112
"622","shroud",37402112,"shroud200IQ",303252048,2112
"623","shroud",37402112,"shroudButt",303252074,2112
"624","shroud",37402112,"shroudCarry",303252075,2112
"625","shroud",37402112,"shroudComfy",303252079,2112
"626","shroud",37402112,"shroudGasm",303252090,2112
"627","shroud",37402112,"shroudGG",303252091,2112
"628","shroud",37402112,"shroudHmm",303252095,2112
"629","shroud",37402112,"shroudKEK",303252096,2112
"630","shroud",37402112,"shroudKill",303252097,2112
"631","shroud",37402112,"shroudKing",303252100,2112
"632","shroud",37402112,"shroudLurk",303252103,2112
"633","shroud",37402112,"shroudM",303252105,2112
"634","shroud",37402112,"shroudPhone",303252110,2112
"635","shroud",37402112,"shroudPog",303252119,2112
"636","shroud",37402112,"shroudNom",303252128,2112
"637","shroud",37402112,"shroudShrug",303252135,2112
"638","shroud",37402112,"shroudThump",303252146,2112
"639","shroud",37402112,"shroudChill",303256306,2112
"640","shroud",37402112,"shroudH",303257197,2112
"641","shroud",37402112,"shroudYEP",303257423,2112
"642","shroud",37402112,"shroudWat",303257506,2112
"643","shroud",37402112,"shroudPPHands",303277238,2112
"644","shroud",37402112,"shroudR",303277630,2112
"645","shroud",37402112,"shroudYikes",303277649,2112
"646","shroud",37402112,"shroudGp",452344,32940
"647","shroud",37402112,"shroudGez",452346,32941
"648","tfue",60056333,"tfueOS",115108,13153
"649","tfue",60056333,"tfuePUG",119981,13153
"650","tfue",60056333,"tfueGLAD",126499,13153
"651","tfue",60056333,"tfueLOVE",155216,13153
"652","tfue",60056333,"tfueHEY",155218,13153
"653","tfue",60056333,"tfueTIP",155219,13153
"654","tfue",60056333,"tfueCHINGLONG",155220,13153
"655","tfue",60056333,"tfueLOG",176575,13153
"656","tfue",60056333,"tfueTH",176579,13153
"657","tfue",60056333,"tfueRNG",183399,13153
"658","tfue",60056333,"tfueRIP",235761,13153
"659","tfue",60056333,"tfueCRANK",285725,13153
"660","tfue",60056333,"tfueWINDOW",674295,13153
"661","tfue",60056333,"tfueBANKSY",674298,13153
"662","tfue",60056333,"tfueBINDI",674300,13153
"663","tfue",60056333,"tfuePOD",759047,13153
"664","tfue",60056333,"tfueBTC",759051,13153
"665","tfue",60056333,"tfueBOMB",844552,13153
"666","tfue",60056333,"tfuePEEK",1144040,13153
"667","tfue",60056333,"tfueBOT",1147981,13153
"668","tfue",60056333,"tfueWOW",1207063,13153
"669","tfue",60056333,"tfueTOXIC",1207065,13153
"670","tfue",60056333,"tfueSWANTON",1207068,13153
"671","tfue",60056333,"tfueSLEEPER",1207071,13153
"672","tfue",60056333,"tfueROLL",1207072,13153
"673","tfue",60056333,"tfueWTF",1207074,13153
"674","tfue",60056333,"tfueFEELSBAD",1207075,13153
"675","tfue",60056333,"tfueLUL",1207076,13153
"676","tfue",60056333,"tfueLAUGH",1207077,13153
"677","tfue",60056333,"tfueLASER",1207080,13153
"678","tfue",60056333,"tfueKKONA",1207081,13153
"679","tfue",60056333,"tfueHI",1207083,13153
"680","tfue",60056333,"tfueBORED",1207086,13153
"681","tfue",60056333,"tfueDERP",1207087,13153
"682","tfue",60056333,"tfueCUTIE",1207088,13153
"683","tfue",60056333,"tfueCRY",1207089,13153
"684","tfue",60056333,"tfueCRACK",1207090,13153
"685","tfue",60056333,"tfueCONE",1207092,13153
"686","tfue",60056333,"tfueCASH",1207094,13153
"687","tfue",60056333,"tfueBUILD",1207095,13153
"688","tfue",60056333,"tfue100",1207097,13153
"689","tfue",60056333,"tfue7",1213276,13153
"690","tfue",60056333,"tfueSWEATER",1213288,13153
"691","tfue",60056333,"tfue20",1215215,13153
"692","tfue",60056333,"tfuePATCIX",1215290,13153
"693","tfue",60056333,"tfueRAGE",1215296,13153
"694","tfue",60056333,"tfueCLOAK",1215361,13153
"695","tfue",60056333,"tfueBURP",1728850,13153
"696","tfue",60056333,"tfueCHUG",1728852,13153
"697","tfue",60056333,"tfueCHASE",1728855,13153
"698","tfue",60056333,"tfueTFLU",1728857,13153
"699","tfue",60056333,"tfueWAAA",1728858,13153
"700","tfue",60056333,"tfueUGH",1728865,13153
"701","tfue",60056333,"tfueHIGH",1728866,13153
"702","tfue",60056333,"tfueBAN",1850891,13153
"703","tfue",60056333,"tfueEAT",1850892,13153
"704","tfue",60056333,"tfueCLOWN",300764875,13153
"705","cizzorz",128489946,"cizzCreep",192816,33492
"706","cizzorz",128489946,"cizzAim",200570,33492
"707","cizzorz",128489946,"cizzBad",200571,33492
"708","cizzorz",128489946,"cizzDab",200573,33492
"709","cizzorz",128489946,"cizzWhat",571105,33492
"710","cizzorz",128489946,"cizzAce",571106,33492
"711","cizzorz",128489946,"cizzGasm",571107,33492
"712","cizzorz",128489946,"cizzGo",571108,33492
"713","cizzorz",128489946,"cizzLets",571109,33492
"714","cizzorz",128489946,"cizzCool",571113,33492
"715","cizzorz",128489946,"cizzPotato",571114,33492
"716","cizzorz",128489946,"cizzAngry",571122,33492
"717","cizzorz",128489946,"cizzSnake",571124,33492
"718","cizzorz",128489946,"cizzCash",571126,33492
"719","cizzorz",128489946,"cizzSub",571127,33492
"720","cizzorz",128489946,"cizzHearts",571129,33492
"721","cizzorz",128489946,"cizzFeels",757922,33492
"722","cizzorz",128489946,"cizzLUL",757923,33492
"723","cizzorz",128489946,"cizzS",757924,33492
"724","cizzorz",128489946,"cizzChamp",757926,33492
"725","cizzorz",128489946,"cizzW",764068,33492
"726","cizzorz",128489946,"cizzPOG",771468,33492
"727","cizzorz",128489946,"cizzK",771472,33492
"728","cizzorz",128489946,"cizzBlind",1318665,33492
"729","cizzorz",128489946,"cizzBlank",1318666,33492
"730","cizzorz",128489946,"cizzBTW",1318668,33492
"731","cizzorz",128489946,"cizzClip",1318670,33492
"732","cizzorz",128489946,"cizzFood",1318671,33492
"733","cizzorz",128489946,"cizzEZ",1318674,33492
"734","cizzorz",128489946,"cizzGG",1318675,33492
"735","cizzorz",128489946,"cizzHi",1318677,33492
"736","cizzorz",128489946,"cizzHYPERS",1318678,33492
"737","cizzorz",128489946,"cizzDono",1318679,33492
"738","cizzorz",128489946,"cizzHmm",1318681,33492
"739","cizzorz",128489946,"cizzMonka",1318682,33492
"740","cizzorz",128489946,"cizzLaser",1318684,33492
"741","cizzorz",128489946,"cizzThink",1318686,33492
"742","cizzorz",128489946,"cizzYikes",1318689,33492
"743","cizzorz",128489946,"cizzNeck1",300241521,33492
"744","cizzorz",128489946,"cizzNeck2",300241587,33492
"745","cizzorz",128489946,"cizzDoge",300633088,33492
"746","cizzorz",128489946,"cizzThumbs",300633089,33492
"747","cizzorz",128489946,"cizzSmile",300633091,33492
"748","cizzorz",128489946,"cizzFaze",300633092,33492
"749","cizzorz",128489946,"cizzLaugh",300633095,33492
"750","cizzorz",128489946,"cizzOmega",300633096,33492
"751","cizzorz",128489946,"cizzGasp",300633098,33492
"752","cizzorz",128489946,"cizzScared",300934975,33492
"753","cizzorz",128489946,"cizzGrin",300934976,33492
"754","cizzorz",128489946,"cizzTomato",300934978,33492
"755","s1mple",60917582,"s1mpleKappa",60578,14196
"756","s1mple",60917582,"s1mpleCSGOD",81307,14196
"757","s1mple",60917582,"s1mpleJesus",81309,14196
"758","s1mple",60917582,"s1mpleFacepalm",300623760,14196
"759","s1mple",60917582,"s1mpleJoker",300623761,14196
"760","s1mple",60917582,"s1mpleLaughing",300623764,14196
"761","s1mple",60917582,"s1mpleVAC",300623767,14196
"762","s1mple",60917582,"s1mpleBullyMe",300623775,14196
"763","s1mple",60917582,"s1mpleWhy",300623783,14196
"764","s1mple",60917582,"s1mpleBest",300623785,14196
"765","s1mple",60917582,"s1mpleSoEZ",300623788,14196
"766","s1mple",60917582,"s1mpleAreYouMad",300623789,14196
"767","s1mple",60917582,"s1mpleNAVI",300623791,14196
"768","s1mple",60917582,"s1mpleCoolMan",300623796,14196
"769","s1mple",60917582,"s1mpleNoScope",300623801,14196
"770","s1mple",60917582,"s1mpleCantSeeEnemies",300623805,14196
"771","s1mple",60917582,"s1mpleAWPking",300623807,14196
"772","dyrus",30080751,"dyrus1800MICROWAVE",655,54
"773","dyrus",30080751,"dyrusRegi",39439,54
"774","dyrus",30080751,"dyrusW",69407,54
"775","dyrus",30080751,"dyrusFeels",69943,54
"776","dyrus",30080751,"dyrusHype",72401,54
"777","dyrus",30080751,"dyrusI",126181,54
"778","dyrus",30080751,"dyrusDark",135817,54
"779","dyrus",30080751,"dyrusMit",213502,54
"780","dyrus",30080751,"dyrusFail",562166,54
"781","dyrus",30080751,"dyrusMonikas",562170,54
"782","dyrus",30080751,"dyrus02",922109,54
"783","dyrus",30080751,"dyrusSmug",922111,54
"784","dyrus",30080751,"dyrusKu",922112,54
"785","dyrus",30080751,"dyrusGasm",1277191,54
"786","dyrus",30080751,"dyrusR",1277193,54
"787","dyrus",30080751,"dyrusLewd",1277198,54
"788","dyrus",30080751,"dyrusO",1277199,54
"789","dyrus",30080751,"dyrusRee",1277201,54
"790","dyrus",30080751,"dyrusWave",1277202,54
"791","dyrus",30080751,"dyrusCry",1381276,54
"792","dyrus",30080751,"dyrusHeart",1381277,54
"793","dyrus",30080751,"dyrusHuh",1381278,54
"794","dyrus",30080751,"dyrusL",1381281,54
"795","dyrus",30080751,"dyrusSalute",1381282,54
"796","dyrus",30080751,"dyrusOwo",1381283,54
"797","dyrus",30080751,"dyrusSmug2",1381284,54
"798","dyrus",30080751,"dyrusXD2",1671280,54
"799","dyrus",30080751,"dyrusSellout",1671282,54
"800","dyrus",30080751,"dyrusPri",1671284,54
"801","dyrus",30080751,"dyrusLUL",1671285,54
"802","dyrus",30080751,"dyrusFBI",1671286,54
"803","dyrus",30080751,"dyrusEZ",1671287,54
"804","dyrus",30080751,"dyrusDrink",1671288,54
"805","dyrus",30080751,"dyrusCheer",1671289,54
"806","dyrus",30080751,"dyrusBully",1671291,54
"807","dyrus",30080751,"dyrusBaka",1671299,54
"808","dyrus",30080751,"dyrusAYAYA",1671301,54
"809","dyrus",30080751,"dyrusEmiru",1737487,29710
"810","dyrus",30080751,"dyrusHaha",1843959,29711
"811","cellbit",28579002,"cellE",301249253,19889
"812","cellbit",28579002,"cellHead",301740043,19889
"813","cellbit",28579002,"cellREE",301740071,19889
"814","cellbit",28579002,"cellA",301796144,19889
"815","cellbit",28579002,"cellBAN",301796153,19889
"816","cellbit",28579002,"cellBLURGH",301796161,19889
"817","cellbit",28579002,"cellBuxo",301796165,19889
"818","cellbit",28579002,"cellC",301796170,19889
"819","cellbit",28579002,"cellCrime",301796172,19889
"820","cellbit",28579002,"cellD",301796173,19889
"821","cellbit",28579002,"cellDisfarce",301796176,19889
"822","cellbit",28579002,"cellEZ",301796183,19889
"823","cellbit",28579002,"cellFofo",301796185,19889
"824","cellbit",28579002,"cellGift",301796186,19889
"825","cellbit",28579002,"cellHmm",301796912,19889
"826","cellbit",28579002,"cellJoy",301796920,19889
"827","cellbit",28579002,"cellPP",301796923,19889
"828","cellbit",28579002,"cellQ",301796979,19889
"829","cellbit",28579002,"cellS",301796988,19889
"830","cellbit",28579002,"cellSniper",301796995,19889
"831","cellbit",28579002,"cellVelho",301796999,19889
"832","cellbit",28579002,"cellM",301797003,19889
"833","cellbit",28579002,"cellX",301797010,19889
"834","cellbit",28579002,"cellY",301797015,19889
"835","cellbit",28579002,"cellEredin",301797019,19889
"836","cellbit",28579002,"cell1",301822846,19889
"837","cellbit",28579002,"cell100",301822848,19889
"838","cellbit",28579002,"cell0",301822857,19889
"839","cellbit",28579002,"cellTa",301822868,19889
"840","cellbit",28579002,"cellSmoke",302098597,19889
"841","cellbit",28579002,"cellN",302253267,19889
"842","cellbit",28579002,"cellH",302253407,19889
"843","cellbit",28579002,"cellLUL",302253472,19889
"844","cellbit",28579002,"cellNota",302690626,19889
"845","cellbit",28579002,"cellSB",302690631,19889
"846","cellbit",28579002,"cellReza",302690633,19889
"847","cellbit",28579002,"cellFlushed",303162871,19889
"848","cellbit",28579002,"cellBurro",303913553,19889
"849","cellbit",28579002,"cellPog",303913558,19889
"850","cellbit",28579002,"cellWD",303913573,19889
"851","cellbit",28579002,"cellK",303913584,19889
"852","cellbit",28579002,"cellGr",303913593,19889
"853","cellbit",28579002,"cellRIP",303913601,19889
"854","cellbit",28579002,"cellDab",303913604,19889
"855","cellbit",28579002,"cellR",303913606,19889
"856","cellbit",28579002,"cellB",303913609,19889
"857","cellbit",28579002,"cellGo",303913612,19889
"858","cellbit",28579002,"cellSip",303913616,19889
"859","cellbit",28579002,"cellZ",303913618,19889
"860","cellbit",28579002,"cellAYAYA",303913622,19889
"861","cellbit",28579002,"cellDinheiro",301796178,37579
"862","cellbit",28579002,"cellOuro",301796181,37580
"863","rocketleague",57781936,"rlcsMERC",97564,17415
"864","rocketleague",57781936,"rlcsNRG",105629,17415
"865","rocketleague",57781936,"rlcsOo",892931,17415
"866","rocketleague",57781936,"rlcsWut",893361,17415
"867","rocketleague",57781936,"rlcsFeels",893364,17415
"868","rocketleague",57781936,"rlcsChamp",1437879,17415
"869","rocketleague",57781936,"rlcsFear",1437905,17415
"870","rocketleague",57781936,"rlcsBigBrain",303097720,17415
"871","rocketleague",57781936,"rlcsBOOM",303097724,17415
"872","rocketleague",57781936,"rlcsCalculated",303097752,17415
"873","rocketleague",57781936,"rlcsYee",303097764,17415
"874","rocketleague",57781936,"rlcsContent",303097769,17415
"875","rocketleague",57781936,"rlcsNiceShot",303097772,17415
"876","rocketleague",57781936,"rlcsOkay",303097776,17415
"877","rocketleague",57781936,"rlcsOops",303097779,17415
"878","rocketleague",57781936,"rlcsTurtle",303097793,17415
"879","rocketleague",57781936,"rlcsWow",303097798,17415
"880","rocketleague",57781936,"rlcsOT",303097842,17415
"881","rocketleague",57781936,"rlcsThis",303097846,17415
"882","trymacs",64342766,"trymacsFail",127212,17614
"883","trymacs",64342766,"trymacsThug",127215,17614
"884","trymacs",64342766,"trymacsWtf",127217,17614
"885","trymacs",64342766,"trymacsSeemsGood",127780,17614
"886","trymacs",64342766,"trymacsStar",162377,17614
"887","trymacs",64342766,"trymacsMist",162379,17614
"888","trymacs",64342766,"trymacsDamn",773143,17614
"889","trymacs",64342766,"trymacs206",791140,17614
"890","trymacs",64342766,"trymacsAvatar",794545,17614
"891","trymacs",64342766,"trymacsKinderlachen",794547,17614
"892","trymacs",64342766,"trymacsCringe",796592,17614
"893","trymacs",64342766,"trymacsTryhacks",908257,17614
"894","trymacs",64342766,"trymacsCreepy",1548912,17614
"895","trymacs",64342766,"trymacsDumm",1548976,17614
"896","trymacs",64342766,"trymacsOmegalul",1548981,17614
"897","trymacs",64342766,"trymacsLul",1780180,17614
"898","trymacs",64342766,"trymacsFeelsBad",1905270,17614
"899","trymacs",64342766,"trymacsWow",1940937,17614
"900","trymacs",64342766,"trymacsBlind",1941054,17614
"901","trymacs",64342766,"trymacsFacepalm",2072126,17614
"902","trymacs",64342766,"trymacsSnipe",2072266,17614
"903","trymacs",64342766,"trymacsWeird",300196968,17614
"904","trymacs",64342766,"trymacsHungry",300196983,17614
"905","trymacs",64342766,"trymacsGun",301101898,17614
"906","trymacs",64342766,"trymacsHype",301101902,17614
"907","trymacs",64342766,"trymacsBless",301101910,17614
"908","trymacs",64342766,"trymacsBrett",301101912,17614
"909","trymacs",64342766,"trymacsSushi",301101918,17614
"910","trymacs",64342766,"trymacsWhat",301101921,17614
"911","trymacs",64342766,"trymacsCarry",301103103,17614
"912","trymacs",64342766,"trymacsChug",301103106,17614
"913","trymacs",64342766,"trymacsClap",301103108,17614
"914","trymacs",64342766,"trymacsGift",301103110,17614
"915","trymacs",64342766,"trymacsLove",301103112,17614
"916","trymacs",64342766,"trymacsHi",301103115,17614
"917","trymacs",64342766,"trymacsL",301103117,17614
"918","trymacs",64342766,"trymacsLost",301103120,17614
"919","trymacs",64342766,"trymacsMoney",301103135,17614
"920","trymacs",64342766,"trymacsMonkas",301103139,17614
"921","trymacs",64342766,"trymacsNo",301103141,17614
"922","trymacs",64342766,"trymacsEz",301103143,17614
"923","trymacs",64342766,"trymacsPog",301103147,17614
"924","trymacs",64342766,"trymacsPop",301103150,17614
"925","trymacs",64342766,"trymacsPuke",301103153,17614
"926","trymacs",64342766,"trymacsThink",301103162,17614
"927","trymacs",64342766,"trymacsYes",301103165,17614
"928","trymacs",64342766,"trymacs15",301925573,17614
"929","trymacs",64342766,"trymacsBan",301925576,17614
"930","trymacs",64342766,"trymacsEvery",301925579,17614
"931","trymacs",64342766,"trymacsBody",301925581,17614
"932","trymacs",64342766,"trymacsKick",301925589,17614
"933","trymacs",64342766,"trymacsDance",301925595,17614
"934","trymacs",64342766,"trymacsPepega",301925597,17614
"935","trymacs",64342766,"trymacsHypetrain",301925603,17614
"936","trymacs",64342766,"trymacsF",302271203,17614
"937","trymacs",64342766,"trymacsHands",303421078,17614
"938","trymacs",64342766,"trymacsCry",303421086,17614
"939","trymacs",64342766,"trymacsWin",303421104,17614
"940","trymacs",64342766,"trymacsRage",303421111,17614
"941","trymacs",64342766,"trymacs10",174218,24171
"942","trymacs",64342766,"trymacsGold",908256,24172
"943","fernanfloo",197855687,"flooDAB",904986,695304
"944","fernanfloo",197855687,"flooASUSTADO",913104,695304
"945","fernanfloo",197855687,"flooCrack",919375,695304
"946","fernanfloo",197855687,"flooEnojado",919378,695304
"947","fernanfloo",197855687,"flooRISA",942156,695304
"948","fernanfloo",197855687,"flooWtf",1157680,695304
"949","fernanfloo",197855687,"flooCra",1256341,695304
"950","fernanfloo",197855687,"flooCk",1256344,695304
"951","fernanfloo",197855687,"flooLlorando",1256346,695304
"952","fernanfloo",197855687,"flooSayayin",1256355,695304
"953","fernanfloo",197855687,"flooMentira",1498227,695304
"954","fernanfloo",197855687,"flooFloo",1661459,695304
"955","fernanfloo",197855687,"flooCelebrando",1933994,695304
"956","fernanfloo",197855687,"flooEnergia",1934000,695304
"957","fernanfloo",197855687,"flooLove",300151699,695304
"958","fernanfloo",197855687,"flooRatita",300179494,695304
"959","fernanfloo",197855687,"flooCurlyfeliz",300642692,695304
"960","fernanfloo",197855687,"flooRata",300642699,695304
"961","fernanfloo",197855687,"flooArbustito",300642701,695304
"962","jericho",10397006,"jerFace",4741,1419
"963","jericho",10397006,"jerHype",24909,1419
"964","jericho",10397006,"jerFeels",29681,1419
"965","jericho",10397006,"jerRIP",32433,1419
"966","jericho",10397006,"jerToof",39036,1419
"967","jericho",10397006,"jerKappa",54882,1419
"968","jericho",10397006,"jerPeace",67138,1419
"969","jericho",10397006,"jerAim",73947,1419
"970","jericho",10397006,"jerW",84597,1419
"971","jericho",10397006,"jerNote",84598,1419
"972","jericho",10397006,"jerPB",130301,1419
"973","jericho",10397006,"jer1G",287980,1419
"974","jericho",10397006,"jerPesto",567067,1419
"975","jericho",10397006,"jerFacepalm",616958,1419
"976","jericho",10397006,"jerCry",616961,1419
"977","jericho",10397006,"jerMonikaS",623636,1419
"978","jericho",10397006,"jerC2",633135,1419
"979","jericho",10397006,"jerC",633136,1419
"980","jericho",10397006,"jerFeelsBad",648506,1419
"981","jericho",10397006,"jerLUL",648507,1419
"982","jericho",10397006,"jerYes",648522,1419
"983","jericho",10397006,"jerNo",648523,1419
"984","jericho",10397006,"jerSellout",654413,1419
"985","jericho",10397006,"jerGood",654420,1419
"986","jericho",10397006,"jerBad",654422,1419
"987","jericho",10397006,"jerGasm",654572,1419
"988","jericho",10397006,"jerHYPERLUL",654592,1419
"989","jericho",10397006,"jerLove",771060,1419
"990","jericho",10397006,"jerTangle",790636,1419
"991","jericho",10397006,"jerTOS",894913,1419
"992","jericho",10397006,"jerX",894915,1419
"993","jericho",10397006,"jerPog",894918,1419
"994","jericho",10397006,"jerBlind",894921,1419
"995","jericho",10397006,"jerAFK",894924,1419
"996","jericho",10397006,"jerBday",894928,1419
"997","jericho",10397006,"jerYike",917987,1419
"998","jericho",10397006,"jerBm1",1050194,1419
"999","jericho",10397006,"jerBm2",1050196,1419
"1000","jericho",10397006,"jerHYPERS",300922742,1419
"1001","jericho",10397006,"jerWide1",300973246,1419
"1002","jericho",10397006,"jerWide2",300973248,1419
"1003","jericho",10397006,"jerWide3",300973249,1419
"1004","jericho",10397006,"jerCozy",301149708,1419
"1005","jericho",10397006,"jerBrain",303528275,1419
"1006","jericho",10397006,"jerNM",303963825,1419
"1007","jericho",10397006,"jerNice",327091,24539
"1008","jericho",10397006,"jerBest",327102,24540
"1009","chicalive",70661496,"chicaGg",96953,14108
"1010","chicalive",70661496,"chicaBleed",189989,14108
"1011","chicalive",70661496,"chicaLiar",1229591,14108
"1012","chicalive",70661496,"chicaSUB",1707511,14108
"1013","chicalive",70661496,"chica1",1740246,14108
"1014","chicalive",70661496,"chicaP",300070828,14108
"1015","chicalive",70661496,"chicaGasm",300070835,14108
"1016","chicalive",70661496,"chicaSus",300109543,14108
"1017","chicalive",70661496,"chicaHug",300109545,14108
"1018","chicalive",70661496,"chicaHypers",301106865,14108
"1019","chicalive",70661496,"chicaLaugh",301106867,14108
"1020","chicalive",70661496,"chicaS",301106879,14108
"1021","chicalive",70661496,"chicaHands",301657708,14108
"1022","chicalive",70661496,"chicaMask",301657712,14108
"1023","chicalive",70661496,"chicaSip",301657977,14108
"1024","chicalive",70661496,"chicaEw",301658007,14108
"1025","chicalive",70661496,"chicaHuh",301658071,14108
"1026","chicalive",70661496,"chicaHmm",301658075,14108
"1027","chicalive",70661496,"chicaGood",301658077,14108
"1028","chicalive",70661496,"chicaPray",301658110,14108
"1029","chicalive",70661496,"chicaFeels",301658157,14108
"1030","chicalive",70661496,"chicaCry",301658170,14108
"1031","chicalive",70661496,"chicaPog",301658180,14108
"1032","chicalive",70661496,"chicaReally",301691521,14108
"1033","chicalive",70661496,"chicaWow",301691525,14108
"1034","chicalive",70661496,"chicaEz",301691531,14108
"1035","chicalive",70661496,"chicaRip",301691542,14108
"1036","chicalive",70661496,"chicaTrash",301691597,14108
"1037","chicalive",70661496,"chicaAbort",302083012,14108
"1038","chicalive",70661496,"chicaYikes",302083024,14108
"1039","chicalive",70661496,"chicaWont",302083037,14108
"1040","chicalive",70661496,"chicaRat",302083049,14108
"1041","chicalive",70661496,"chicaJam",302083061,14108
"1042","chicalive",70661496,"chicaBlind",302208733,14108
"1043","chicalive",70661496,"chicaDerp",302208739,14108
"1044","chicalive",70661496,"chicaLag",302208750,14108
"1045","chicalive",70661496,"chicaPlease",302208756,14108
"1046","chicalive",70661496,"chicaToxic",302208770,14108
"1047","chicalive",70661496,"chicaClown",302263822,14108
"1048","chicalive",70661496,"chicaDare",302263838,14108
"1049","chicalive",70661496,"chicaJail",302263847,14108
"1050","chicalive",70661496,"chicaRee",302263853,14108
"1051","chicalive",70661496,"chicaPopcorn",302263873,14108
"1052","chicalive",70661496,"chicaFib",302388591,14108
"1053","chicalive",70661496,"chicaPride",302408058,14108
"1054","chicalive",70661496,"chicaFall",302803935,14108
"1055","chicalive",70661496,"chicaBox",302803948,14108
"1056","chicalive",70661496,"chicaLate",302803960,14108
"1057","chicalive",70661496,"chicaWhere",302803968,14108
"1058","chicalive",70661496,"chicaCozy",302979237,14108
"1059","chicalive",70661496,"chicaEat",303926722,14108
"1060","chicalive",70661496,"chicaDono",303926730,14108
"1061","chicalive",70661496,"chicaBaby",303926735,14108
"1062","chicalive",70661496,"chicaHi",303926740,14108
"1063","chicalive",70661496,"chicaD",303926743,14108
"1064","chicalive",70661496,"chicaZ",303926747,14108
"1065","chicalive",70661496,"chicaB",303926752,14108
"1066","chicalive",70661496,"chicaLove",303926758,14108
"1067","chicalive",70661496,"chicaSALUTE",303926795,14108
"1068","chicalive",70661496,"chicaEvil",910193,31457
"1069","chicalive",70661496,"chicaMod",302804025,31457
"1070","chicalive",70661496,"chicaLurk",302804065,31457
"1071","chicalive",70661496,"chicaLie",302925079,31457
"1072","chicalive",70661496,"chicaT",303926771,31457
"1073","chicalive",70661496,"chicaL",302925046,31458
"1074","chicalive",70661496,"chicaRoll",302925065,31458
"1075","chicalive",70661496,"chicaJ",303926741,31458
"1076","therealknossi",71588578,"knossiSpinnst",856004,17121
"1077","therealknossi",71588578,"knossiRGGD",873471,17121
"1078","therealknossi",71588578,"knossiKnueppelchen",874556,17121
"1079","therealknossi",71588578,"knossiRage",874563,17121
"1080","therealknossi",71588578,"knossiHead",874566,17121
"1081","therealknossi",71588578,"knossiLove",874573,17121
"1082","therealknossi",71588578,"knossiPotti",879049,17121
"1083","therealknossi",71588578,"knossiBJ",881618,17121
"1084","therealknossi",71588578,"knossiBring",890364,17121
"1085","therealknossi",71588578,"knossiYacht",922637,17121
"1086","therealknossi",71588578,"knossiSchatzi",923789,17121
"1087","therealknossi",71588578,"knossiTelko",930394,17121
"1088","therealknossi",71588578,"knossiDRECK",999728,17121
"1089","therealknossi",71588578,"knossiForscher",1260865,17121
"1090","therealknossi",71588578,"knossiBuch",1305305,17121
"1091","therealknossi",71588578,"knossiRausda",1327948,17121
"1092","therealknossi",71588578,"knossiJPMicha",1540143,17121
"1093","therealknossi",71588578,"knossiZunge",1540151,17121
"1094","therealknossi",71588578,"knossiScript",1549307,17121
"1095","therealknossi",71588578,"knossiSliema",1584150,17121
"1096","therealknossi",71588578,"knossiVisa",1633588,17121
"1097","therealknossi",71588578,"knossiKritischeMasse",1758698,17121
"1098","therealknossi",71588578,"knossiBunker",1788602,17121
"1099","therealknossi",71588578,"knossiDieDoseViagra",1887010,17121
"1100","therealknossi",71588578,"knossiFloete",2043780,17121
"1101","therealknossi",71588578,"knossiParty",300046146,17121
"1102","therealknossi",71588578,"knossiEichel",300155222,17121
"1103","therealknossi",71588578,"knossiRussenhocke",300191771,17121
"1104","therealknossi",71588578,"knossiErzengel",300256508,17121
"1105","therealknossi",71588578,"knossiRuhe",300262780,17121
"1106","therealknossi",71588578,"knossiBigWin",300331339,17121
"1107","therealknossi",71588578,"knossiKotz",300332219,17121
"1108","therealknossi",71588578,"knossiUuuuuueeehhh",300334122,17121
"1109","therealknossi",71588578,"knossiCrown",300334126,17121
"1110","therealknossi",71588578,"knossiRobinSchulz",300341229,17121
"1111","therealknossi",71588578,"knossiMonteCall",300381143,17121
"1112","therealknossi",71588578,"knossiHype",300402207,17121
"1113","therealknossi",71588578,"knossiHater",300449635,17121
"1114","therealknossi",71588578,"knossiOhBaby",300449636,17121
"1115","therealknossi",71588578,"knossiMutti",300449637,17121
"1116","therealknossi",71588578,"knossiYes",300463453,17121
"1117","therealknossi",71588578,"knossiGoenn",300528103,17121
"1118","therealknossi",71588578,"knossiMagnet",300595019,17121
"1119","therealknossi",71588578,"knossiBlick",300738886,17121
"1120","therealknossi",71588578,"knossiSchmetterling",300741328,17121
"1121","therealknossi",71588578,"knossiWaka",300750773,17121
"1122","therealknossi",71588578,"knossiEins",300750784,17121
"1123","therealknossi",71588578,"knossiRaaage",300750796,17121
"1124","therealknossi",71588578,"knossiHai",300860028,17121
"1125","therealknossi",71588578,"knossiPietroLombardi",301066476,17121
"1126","therealknossi",71588578,"knossiBushido",301141106,17121
"1127","therealknossi",71588578,"knossiAlge",301304312,17121
"1128","therealknossi",71588578,"knossiAlgeAlge",301368442,17121
"1129","therealknossi",71588578,"knossiKim",301537301,17121
"1130","therealknossi",71588578,"knossiBubi",301686682,17121
"1131","therealknossi",71588578,"knossiSido",301713784,17121
"1132","therealknossi",71588578,"knossiMannyMarc",302070537,17121
"1133","therealknossi",71588578,"knossiKatsching",302519195,17121
"1134","therealknossi",71588578,"knossiClub",302525162,17121
"1135","therealknossi",71588578,"knossiJay",303001570,17121
"1136","therealknossi",71588578,"knossiGoldkrone",300640922,28526
"1137","therealknossi",71588578,"knossiKing",1548935,28527
"1138","kittyplays",39627315,"kittyHeart",212644,2205
"1139","kittyplays",39627315,"kittyHype",212649,2205
"1140","kittyplays",39627315,"kittyLurk",212653,2205
"1141","kittyplays",39627315,"kittySwear",212656,2205
"1142","kittyplays",39627315,"kittyREKT",212658,2205
"1143","kittyplays",39627315,"kitty69",212663,2205
"1144","kittyplays",39627315,"kittyYuri",213979,2205
"1145","kittyplays",39627315,"kittyTK",412105,2205
"1146","kittyplays",39627315,"kittyOof",917847,2205
"1147","kittyplays",39627315,"kittyCreep",1143772,2205
"1148","kittyplays",39627315,"kittyAww",1187178,2205
"1149","kittyplays",39627315,"kittyEpic",1187182,2205
"1150","kittyplays",39627315,"kittyREE",1187184,2205
"1151","kittyplays",39627315,"kittyFail",1187188,2205
"1152","kittyplays",39627315,"kittyThink",1187189,2205
"1153","kittyplays",39627315,"kittyApprove",1187191,2205
"1154","kittyplays",39627315,"kittyToxic",1187193,2205
"1155","kittyplays",39627315,"kittyL",1187194,2205
"1156","kittyplays",39627315,"kittyR",1187197,2205
"1157","kittyplays",39627315,"kittyW",1187205,2205
"1158","kittyplays",39627315,"kittyPotato",1187208,2205
"1159","kittyplays",39627315,"kittyPOGGERS",1189850,2205
"1160","kittyplays",39627315,"kittySip",1189852,2205
"1161","kittyplays",39627315,"kittyQuiet",1189854,2205
"1162","kittyplays",39627315,"kittyFeels",1189856,2205
"1163","kittyplays",39627315,"kittyS",1189858,2205
"1164","kittyplays",39627315,"kittyHYPERS",1189859,2205
"1165","kittyplays",39627315,"kittyTHIC",1195139,2205
"1166","kittyplays",39627315,"kittyThief",1195330,2205
"1167","kittyplays",39627315,"kittyTH",1204354,2205
"1168","kittyplays",39627315,"kittyPower",1431438,2205
"1169","kittyplays",39627315,"kittySnipe",1445280,2205
"1170","kittyplays",39627315,"kittyThirsty",1615598,2205
"1171","kittyplays",39627315,"kittyGasm",1615648,2205
"1172","kittyplays",39627315,"kittyThump",1615650,2205
"1173","kittyplays",39627315,"kittyWig",1615658,2205
"1174","kittyplays",39627315,"kittyNo",1615702,2205
"1175","kittyplays",39627315,"kittyYuriH",1622064,2205
"1176","kittyplays",39627315,"kittyPreach",1622066,2205
"1177","kittyplays",39627315,"kittyEvil",1686884,2205
"1178","kittyplays",39627315,"kittyPray",1686886,2205
"1179","kittyplays",39627315,"kittyBless",1686888,2205
"1180","kittyplays",39627315,"kittyHug",1686891,2205
"1181","kittyplays",39627315,"kittyGift",1686896,2205
"1182","kittyplays",39627315,"kittyGood",1686900,2205
"1183","kittyplays",39627315,"kittyAmazing",1686902,2205
"1184","kittyplays",39627315,"kittyTroll",1686908,2205
"1185","kittyplays",39627315,"kittyEZ",1686909,2205
"1186","kittyplays",39627315,"kittyBlind",1686910,2205
"1187","kittyplays",39627315,"kittySnatch",1686913,2205
"1188","kittyplays",39627315,"kittySMART",1706306,2205
"1189","kittyplays",39627315,"kittyVibes",1706308,2205
"1190","kittyplays",39627315,"kittyHMM",1706309,2205
"1191","kittyplays",39627315,"kittyOMG",1706311,2205
"1192","kittyplays",39627315,"kittyHands",1823162,2205
"1193","kittyplays",39627315,"kittyGun",1823164,2205
"1194","kittyplays",39627315,"kittyFF",1823165,2205
"1195","kittyplays",39627315,"kittyXFF",1823172,2205
"1196","kittyplays",39627315,"kittyGod",1187181,26660
"1197","kittyplays",39627315,"kittyLegendary",1187180,26661
"1198","scream",39393054,"screamFace",43748,3885
"1199","scream",39393054,"screamBiceps",90723,3885
"1200","scream",39393054,"screamChicken",90724,3885
"1201","scream",39393054,"screamHS",90726,3885
"1202","scream",39393054,"screamHype",90728,3885
"1203","scream",39393054,"screamNo",90729,3885
"1204","scream",39393054,"screamRage",90730,3885
"1205","scream",39393054,"screamVAC",90731,3885
"1206","scream",39393054,"screamUP",301872818,3885
"1207","scream",39393054,"screamHAPPY",301872821,3885
"1208","scream",39393054,"screamTILTED",301872822,3885
"1209","scream",39393054,"screamSHH",301872826,3885
"1210","scream",39393054,"screamSRSLY",301872829,3885
"1211","scream",39393054,"screamSRSLYY",301872832,3885
"1212","scream",39393054,"screamONETAP",301872833,3885
"1213","scream",39393054,"screamLiquid",303394085,3885
"1214","scream",39393054,"scream1TAP",303394101,3885
"1215","scream",39393054,"screamHOLY",303394111,3885
"1216","scream",39393054,"screamBRO",303394118,3885
"1217","scream",39393054,"screamFACEPALM",303394128,3885
"1218","gotaga",24147592,"gotagaV4V",156124,13884
"1219","gotaga",24147592,"gotagaVitality",156127,13884
"1220","gotaga",24147592,"gotagaNewSub",156136,13884
"1221","gotaga",24147592,"gotagaTU",641775,13884
"1222","gotaga",24147592,"gotagaBlacklist",662169,13884
"1223","gotaga",24147592,"gotagaBambi",663590,13884
"1224","gotaga",24147592,"gotagaSH",667144,13884
"1225","gotaga",24147592,"gotagaGG",669135,13884
"1226","gotaga",24147592,"gotagaRIP",669332,13884
"1227","gotaga",24147592,"gotagaRage",674403,13884
"1228","gotaga",24147592,"gotagaG",681036,13884
"1229","gotaga",24147592,"gotagaKappa",682092,13884
"1230","gotaga",24147592,"gotagaMANE",682093,13884
"1231","gotaga",24147592,"gotagaDER",687125,13884
"1232","gotaga",24147592,"gotagaSINGE",696566,13884
"1233","gotaga",24147592,"gotagaLOVE",696627,13884
"1234","gotaga",24147592,"gotagaYOP",696778,13884
"1235","gotaga",24147592,"gotaga200IQ",699326,13884
"1236","gotaga",24147592,"gotagaFlash",714479,13884
"1237","gotaga",24147592,"gotagaGneu",718804,13884
"1238","gotaga",24147592,"gotagaTIME",730736,13884
"1239","gotaga",24147592,"gotagaJericho",739304,13884
"1240","gotaga",24147592,"gotagaBravo",1018178,13884
"1241","gotaga",24147592,"gotagaLURK",1315182,13884
"1242","gotaga",24147592,"gotagaCRY",1315198,13884
"1243","gotaga",24147592,"gotagaFIRE",1315435,13884
"1244","gotaga",24147592,"gotagaTROLL",1570260,13884
"1245","gotaga",24147592,"gotagaPAULO",1588303,13884
"1246","gotaga",24147592,"gotaga0IQ",1588315,13884
"1247","gotaga",24147592,"gotagaMEL",1589163,13884
"1248","gotaga",24147592,"gotagaCAMILLE",1590983,13884
"1249","gotaga",24147592,"gotagaREDBULL",1613219,13884
"1250","gotaga",24147592,"gotagaHYPE",1642273,13884
"1251","gotaga",24147592,"gotagaARGENT",1642388,13884
"1252","gotaga",24147592,"gotagaPOG",1742445,13884
"1253","gotaga",24147592,"gotagaGasm",1785879,13884
"1254","gotaga",24147592,"gotagaBAD",1787466,13884
"1255","gotaga",24147592,"gotagaLUL",1899268,13884
"1256","gotaga",24147592,"gotagaM",1917259,13884
"1257","gotaga",24147592,"gotagaDODO",2050396,13884
"1258","gotaga",24147592,"gotagaCLIP",2062177,13884
"1259","gotaga",24147592,"gotagaDD",300352831,13884
"1260","gotaga",24147592,"gotagaTIENS",300352832,13884
"1261","gotaga",24147592,"gotagaWHAT",300352833,13884
"1262","gotaga",24147592,"gotagaCHEH",300356921,13884
"1263","gotaga",24147592,"gotagaBanane",301187633,13884
"1264","gotaga",24147592,"gotagaChaise",301628372,13884
"1265","gotaga",24147592,"gotagaPUB",301628376,13884
"1266","gotaga",24147592,"gotagaT1",301628380,13884
"1267","gotaga",24147592,"gotagaHm",301628391,13884
"1268","gotaga",24147592,"gotagaModo",301628392,13884
"1269","gotaga",24147592,"gotagaEuh",301628395,13884
"1270","gotaga",24147592,"gotagaYES",301628399,13884
"1271","gotaga",24147592,"gotagaC",301628406,13884
"1272","gotaga",24147592,"gotagaNO",301628408,13884
"1273","gotaga",24147592,"gotagaDAB",301631760,13884
"1274","gotaga",24147592,"gotagaGoulaga",301682326,13884
"1275","gotaga",24147592,"gotagaMoustache",301946384,13884
"1276","gotaga",24147592,"gotagaGcorp",301964422,13884
"1277","gotaga",24147592,"gotagaBAT",302365221,13884
"1278","gotaga",24147592,"gotagaBZZ",1315440,36033
"1279","gotaga",24147592,"gotagaGold",677765,36034
"1280","castro_1021",52091823,"vamosGasm",29863,2344
"1281","castro_1021",52091823,"vamosFDB",29864,2344
"1282","castro_1021",52091823,"vamosNuke",34571,2344
"1283","castro_1021",52091823,"vamosPoo",48606,2344
"1284","castro_1021",52091823,"vamosWow",59378,2344
"1285","castro_1021",52091823,"vamosLyin",68724,2344
"1286","castro_1021",52091823,"vamosRaid",69468,2344
"1287","castro_1021",52091823,"vamosTrophy",76877,2344
"1288","castro_1021",52091823,"vamosSup",101666,2344
"1289","castro_1021",52091823,"vamosDAB",104793,2344
"1290","castro_1021",52091823,"vamosLUL",123435,2344
"1291","castro_1021",52091823,"vamosSure",123436,2344
"1292","castro_1021",52091823,"vamosSO",183255,2344
"1293","castro_1021",52091823,"vamosSmart",186899,2344
"1294","castro_1021",52091823,"vamosClutch",195460,2344
"1295","castro_1021",52091823,"vamosUp",201565,2344
"1296","castro_1021",52091823,"vamosCringe",204043,2344
"1297","castro_1021",52091823,"vamosPray",465694,2344
"1298","castro_1021",52091823,"vamosFail",476723,2344
"1299","castro_1021",52091823,"vamosVAMOS",1069898,2344
"1300","castro_1021",52091823,"vamosOMEGA",1077127,2344
"1301","castro_1021",52091823,"vamosCheeks",1465749,2344
"1302","castro_1021",52091823,"vamosHey",1465750,2344
"1303","castro_1021",52091823,"vamosFake",1465752,2344
"1304","castro_1021",52091823,"vamosHype",1465786,2344
"1305","castro_1021",52091823,"vamosLiam",1576984,2344
"1306","castro_1021",52091823,"vamosWut",1608289,2344
"1307","castro_1021",52091823,"vamosOof",1661380,2344
"1308","castro_1021",52091823,"vamosLETSGO",1665556,2344
"1309","castro_1021",52091823,"vamosWOT",1665619,2344
"1310","castro_1021",52091823,"vamosToxic",1693547,2344
"1311","castro_1021",52091823,"vamosTune",1796221,2344
"1312","castro_1021",52091823,"vamosPOGGERS",1797770,2344
"1313","castro_1021",52091823,"vamosYAY",1797778,2344
"1314","castro_1021",52091823,"vamosFBI",1812022,2344
"1315","castro_1021",52091823,"vamosOink",1857482,2344
"1316","castro_1021",52091823,"vamosGift",300084468,2344
"1317","castro_1021",52091823,"vamosLol",300398989,2344
"1318","castro_1021",52091823,"vamosClown",300412022,2344
"1319","castro_1021",52091823,"vamosBITS",300421628,2344
"1320","castro_1021",52091823,"vamosCHOKE",301154327,2344
"1321","castro_1021",52091823,"vamosFEELS",301154329,2344
"1322","castro_1021",52091823,"vamosGg",301154341,2344
"1323","castro_1021",52091823,"vamosGOAT",301154342,2344
"1324","castro_1021",52091823,"vamosRED",301154344,2344
"1325","castro_1021",52091823,"vamosYELLOW",301154345,2344
"1326","castro_1021",52091823,"vamosVar",301154346,2344
"1327","castro_1021",52091823,"vamosKEKW",301251809,2344
"1328","castro_1021",52091823,"vamosPrime",301364316,2344
"1329","castro_1021",52091823,"vamosPeepo",301701989,2344
"1330","castro_1021",52091823,"vamosCozy",301703870,2344
"1331","castro_1021",52091823,"vamosS",301704546,2344
"1332","castro_1021",52091823,"vamosHmm",301715462,2344
"1333","castro_1021",52091823,"vamosLove",301755988,2344
"1334","castro_1021",52091823,"vamosCry",301942796,2344
"1335","castro_1021",52091823,"vamosK",301942803,2344
"1336","castro_1021",52091823,"vamosShh",301952297,2344
"1337","castro_1021",52091823,"vamosNice",302156799,2344
"1338","castro_1021",52091823,"vamosFam",302445476,2344
"1339","castro_1021",52091823,"vamosCrown",303213670,2344
"1340","castro_1021",52091823,"vamosGold",183809,27580
"1341","castro_1021",52091823,"vamosRiot",301934881,27581
"1342","goldglove",1518077,"goldyDab",685451,203
"1343","goldglove",1518077,"goldyGG",685455,203
"1344","goldglove",1518077,"goldyLG",685460,203
"1345","goldglove",1518077,"goldyPalm",685464,203
"1346","goldglove",1518077,"goldySbag",685467,203
"1347","goldglove",1518077,"goldySuper",721338,203
"1348","goldglove",1518077,"goldy10K",721422,203
"1349","goldglove",1518077,"goldyMines",721424,203
"1350","goldglove",1518077,"goldyS",721426,203
"1351","goldglove",1518077,"goldyLoot",771237,203
"1352","goldglove",1518077,"goldyCAW",910000,203
"1353","goldglove",1518077,"goldyTOS",910001,203
"1354","goldglove",1518077,"goldyMom",931852,203
"1355","goldglove",1518077,"goldyFall",1101376,203
"1356","goldglove",1518077,"goldyStealth",1429384,203
"1357","goldglove",1518077,"goldyHMM",1601390,203
"1358","goldglove",1518077,"goldyLove",300078615,203
"1359","goldglove",1518077,"goldyChair",300080736,203
"1360","goldglove",1518077,"goldyYoink",300080741,203
"1361","goldglove",1518077,"goldyN1",300980275,203
"1362","goldglove",1518077,"goldyN2",300980276,203
"1363","goldglove",1518077,"goldyN3",300980277,203
"1364","goldglove",1518077,"goldyBlind",301252488,203
"1365","goldglove",1518077,"goldyBot",301252490,203
"1366","goldglove",1518077,"goldyChamp",301252492,203
"1367","goldglove",1518077,"goldyChew",301252494,203
"1368","goldglove",1518077,"goldyChoke",301252495,203
"1369","goldglove",1518077,"goldyClutch",301252525,203
"1370","goldglove",1518077,"goldyCreep",301252528,203
"1371","goldglove",1518077,"goldyDrool",301252532,203
"1372","goldglove",1518077,"goldyFeels",301252537,203
"1373","goldglove",1518077,"goldyGasm",301252544,203
"1374","goldglove",1518077,"goldyHello",301252547,203
"1375","goldglove",1518077,"goldyHype",301252549,203
"1376","goldglove",1518077,"goldyLUL",301252552,203
"1377","goldglove",1518077,"goldyOne",301252555,203
"1378","goldglove",1518077,"goldyPerf",301252556,203
"1379","goldglove",1518077,"goldyPotato",301252563,203
"1380","goldglove",1518077,"goldyRage",301252566,203
"1381","goldglove",1518077,"goldyRekt",301252567,203
"1382","goldglove",1518077,"goldyRhys",301252568,203
"1383","goldglove",1518077,"goldySully",301252569,203
"1384","goldglove",1518077,"goldyT1",301252572,203
"1385","goldglove",1518077,"goldyThump",301252578,203
"1386","goldglove",1518077,"goldyW",301252583,203
"1387","goldglove",1518077,"goldyWizard",301252587,203
"1388","goldglove",1518077,"goldyYikes",301252590,203
"1389","goldglove",1518077,"goldyDone",301716509,203
"1390","goldglove",1518077,"goldyKEK",301719601,203
"1391","goldglove",1518077,"goldyT2",301252610,24283
"1392","goldglove",1518077,"goldyT3",301252614,24284
"1393","boxbox",38881685,"boxHi",301026164,257
"1394","boxbox",38881685,"boxSmug",301026173,257
"1395","boxbox",38881685,"boxMunch",301026184,257
"1396","boxbox",38881685,"boxBruh",301026197,257
"1397","boxbox",38881685,"boxDerp",301026756,257
"1398","boxbox",38881685,"boxZoom",301026955,257
"1399","boxbox",38881685,"boxStop",301034700,257
"1400","boxbox",38881685,"boxLUL",301034944,257
"1401","boxbox",38881685,"boxREE",301034947,257
"1402","boxbox",38881685,"boxGhost",301035024,257
"1403","boxbox",38881685,"boxWow",301035317,257
"1404","boxbox",38881685,"box7",301035435,257
"1405","boxbox",38881685,"boxFight",301035437,257
"1406","boxbox",38881685,"boxAYAYA",301038424,257
"1407","boxbox",38881685,"boxFail",301038542,257
"1408","boxbox",38881685,"boxLurk",301038543,257
"1409","boxbox",38881685,"boxG",301038545,257
"1410","boxbox",38881685,"boxOK",301039114,257
"1411","boxbox",38881685,"boxHug",301042595,257
"1412","boxbox",38881685,"boxUwU",301046220,257
"1413","boxbox",38881685,"boxHood",301046246,257
"1414","boxbox",38881685,"boxMONKERS",301046248,257
"1415","boxbox",38881685,"boxHide",301053434,257
"1416","boxbox",38881685,"boxNoo",301059153,257
"1417","boxbox",38881685,"boxEZ",301066308,257
"1418","boxbox",38881685,"boxGamble",301066309,257
"1419","boxbox",38881685,"boxBlind",301066359,257
"1420","boxbox",38881685,"boxKEK",301069853,257
"1421","boxbox",38881685,"boxYay",301070284,257
"1422","boxbox",38881685,"boxPeek",301070303,257
"1423","boxbox",38881685,"boxPat",301077296,257
"1424","boxbox",38881685,"boxDab",301077297,257
"1425","boxbox",38881685,"boxAd",301077299,257
"1426","boxbox",38881685,"boxNT",301077346,257
"1427","boxbox",38881685,"boxGG",301077509,257
"1428","boxbox",38881685,"boxBlank",301077512,257
"1429","boxbox",38881685,"boxThink",301077700,257
"1430","boxbox",38881685,"boxShrug",301077703,257
"1431","boxbox",38881685,"boxComfy",301077705,257
"1432","boxbox",38881685,"boxGun",301077864,257
"1433","boxbox",38881685,"boxHeart",301089905,257
"1434","boxbox",38881685,"boxHands",301089906,257
"1435","boxbox",38881685,"boxHYPERS",301108905,257
"1436","boxbox",38881685,"boxD",301108906,257
"1437","boxbox",38881685,"boxD2",301108907,257
"1438","boxbox",38881685,"boxFine",301108909,257
"1439","boxbox",38881685,"boxBob",301108911,257
"1440","boxbox",38881685,"boxLewd",301119933,257
"1441","boxbox",38881685,"boxBigPog",301289818,257
"1442","boxbox",38881685,"boxSmallPog",301289819,257
"1443","boxbox",38881685,"box5head",301089907,40776
"1444","boxbox",38881685,"boxHYPERBOB",301077724,40777
"1445","BTTV",1,"3Head",NA,NA
"1446","BTTV",1,"Pepega",NA,NA
"1447","BTTV",1,"PogU",NA,NA
"1448","BTTV",1,"monkaS",NA,NA
"1449","BTTV",1,"LULW",NA,NA
"1450","BTTV",1,"FeelsOkayMan",NA,NA
"1451","BTTV",1,"HYPERS",NA,NA
"1452","BTTV",1,"widepeepoHappy",NA,NA
"1453","BTTV",1,"widepeepoSad",NA,NA
"1454","BTTV",1,"HandsUp",NA,NA
"1455","BTTV",1,"KEKW",NA,NA
"1456","BTTV",1,"monkaW",NA,NA
"1457","BTTV",1,"EZY",NA,NA
"1458","BTTV",1,"FeelsWeirdMan",NA,NA
"1459","BTTV",1,"PagChomp",NA,NA
"1460","BTTV",1,"HYPERBRUH",NA,NA
"1461","BTTV",1,"gachiGASM",NA,NA
"1462","BTTV",1,"Pog",NA,NA
"1463","BTTV",1,"Kapp",NA,NA
"1464","BTTV",1,"5Head",NA,NA
"1465","BTTV",1,"WeirdChamp",NA,NA
"1466","BTTV",1,"PepeHands",NA,NA
"1467","BTTV",1,"KKomrade",NA,NA
"1468","BTTV",1,"FeelsBadMan",NA,NA
"1469","BTTV",1,"POGGERS",NA,NA
"1470","BTTV",1,"OMEGALUL",NA,NA
"1471","BTTV",1,"PepeLaugh",NA,NA
"1472","BTTV",1,"AYAYA",NA,NA
"1473","BTTV",1,"PepoThink",NA,NA
"1474","BTTV",1,"YEP",NA,NA
"1475","BTTV",1,"forsenCD",NA,NA
"1476","BTTV",1,"monkaHmm",NA,NA
"1477","BTTV",1,"monkaTOS",NA,NA
"1478","BTTV",1,"monkaOMEGA",NA,NA
"1479","BTTV",1,"FeelsGoodMan",NA,NA
"1480","BTTV",1,"PauseChamp",NA,NA
"1481","BTTV",1,"monkaGun",NA,NA
"1482","BTTV",1,"4HEad",NA,NA
"1483","BTTV",1,"OkayChamp",NA,NA
"1484","BTTV",1,"KKonaW",NA,NA
"1485","BTTV",1,"monkaEyes",NA,NA
"1486","BTTV",1,"peepoHappy",NA,NA
"1487","BTTV",1,"Sadge",NA,NA
"1488","BTTV",1,"weSmart",NA,NA
"1489","BTTV",1,"monkaMEGA",NA,NA
"1490","BTTV",1,"monkaH",NA,NA
"1491","BTTV",1,"REEeee",NA,NA
"1492","BTTV",1,"PepeLaugh",NA,NA
"1493","BTTV",1,"FeelsSpecialMan",NA,NA
"1494","BTTV",1,"WideHard",NA,NA
